"country","name","gender","run_simulation"
"USA","landen paul blixt","m",1
"USA","brody malone","m",1
"USA","asher hong","m",1
"USA","colt walker","m",1
"USA","frederick nathaniel richard","m",1
"USA","ashlee sullivan","w",1
"USA","jade carey","w",1
"USA","jordan chiles","w",1
"USA","joscelyn roberson","w",1
"USA","leanne wong","w",1
"USA","asher hong","m",2
"USA","shane wiskus","m",2
"USA","colt walker","m",2
"USA","joshua andrew karnes","m",2
"USA","brody malone","m",2
"USA","ashlee sullivan","w",2
"USA","jade carey","w",2
"USA","jordan chiles","w",2
"USA","joscelyn roberson","w",2
"USA","leanne wong","w",2
"USA","colt walker","m",3
"USA","brody malone","m",3
"USA","shane wiskus","m",3
"USA","landen paul blixt","m",3
"USA","frederick nathaniel richard","m",3
"USA","ashlee sullivan","w",3
"USA","jade carey","w",3
"USA","jordan chiles","w",3
"USA","joscelyn roberson","w",3
"USA","leanne wong","w",3
"USA","landen paul blixt","m",4
"USA","shane wiskus","m",4
"USA","colt walker","m",4
"USA","frederick nathaniel richard","m",4
"USA","joshua andrew karnes","m",4
"USA","ashlee sullivan","w",4
"USA","jade carey","w",4
"USA","jordan chiles","w",4
"USA","joscelyn roberson","w",4
"USA","leanne wong","w",4
"USA","asher hong","m",5
"USA","shane wiskus","m",5
"USA","joshua andrew karnes","m",5
"USA","colt walker","m",5
"USA","frederick nathaniel richard","m",5
"USA","ashlee sullivan","w",5
"USA","jade carey","w",5
"USA","jordan chiles","w",5
"USA","joscelyn roberson","w",5
"USA","leanne wong","w",5
"USA","frederick nathaniel richard","m",6
"USA","colt walker","m",6
"USA","landen paul blixt","m",6
"USA","brody malone","m",6
"USA","joshua andrew karnes","m",6
"USA","ashlee sullivan","w",6
"USA","jade carey","w",6
"USA","jordan chiles","w",6
"USA","joscelyn roberson","w",6
"USA","leanne wong","w",6
"USA","brody malone","m",7
"USA","colt walker","m",7
"USA","joshua andrew karnes","m",7
"USA","asher hong","m",7
"USA","shane wiskus","m",7
"USA","ashlee sullivan","w",7
"USA","jade carey","w",7
"USA","jordan chiles","w",7
"USA","joscelyn roberson","w",7
"USA","leanne wong","w",7
"USA","landen paul blixt","m",8
"USA","brody malone","m",8
"USA","shane wiskus","m",8
"USA","joshua andrew karnes","m",8
"USA","asher hong","m",8
"USA","ashlee sullivan","w",8
"USA","jade carey","w",8
"USA","jordan chiles","w",8
"USA","joscelyn roberson","w",8
"USA","leanne wong","w",8
"USA","brody malone","m",9
"USA","frederick nathaniel richard","m",9
"USA","colt walker","m",9
"USA","joshua andrew karnes","m",9
"USA","asher hong","m",9
"USA","ashlee sullivan","w",9
"USA","jade carey","w",9
"USA","jordan chiles","w",9
"USA","joscelyn roberson","w",9
"USA","leanne wong","w",9
"USA","asher hong","m",10
"USA","frederick nathaniel richard","m",10
"USA","colt walker","m",10
"USA","shane wiskus","m",10
"USA","brody malone","m",10
"USA","ashlee sullivan","w",10
"USA","jade carey","w",10
"USA","jordan chiles","w",10
"USA","joscelyn roberson","w",10
"USA","leanne wong","w",10
"USA","asher hong","m",11
"USA","shane wiskus","m",11
"USA","frederick nathaniel richard","m",11
"USA","brody malone","m",11
"USA","landen paul blixt","m",11
"USA","ashlee sullivan","w",11
"USA","jade carey","w",11
"USA","jordan chiles","w",11
"USA","joscelyn roberson","w",11
"USA","leanne wong","w",11
"USA","landen paul blixt","m",12
"USA","brody malone","m",12
"USA","shane wiskus","m",12
"USA","frederick nathaniel richard","m",12
"USA","joshua andrew karnes","m",12
"USA","ashlee sullivan","w",12
"USA","jade carey","w",12
"USA","jordan chiles","w",12
"USA","joscelyn roberson","w",12
"USA","leanne wong","w",12
"USA","brody malone","m",13
"USA","shane wiskus","m",13
"USA","colt walker","m",13
"USA","asher hong","m",13
"USA","landen paul blixt","m",13
"USA","ashlee sullivan","w",13
"USA","jade carey","w",13
"USA","jordan chiles","w",13
"USA","joscelyn roberson","w",13
"USA","leanne wong","w",13
"USA","shane wiskus","m",14
"USA","frederick nathaniel richard","m",14
"USA","joshua andrew karnes","m",14
"USA","landen paul blixt","m",14
"USA","colt walker","m",14
"USA","ashlee sullivan","w",14
"USA","jade carey","w",14
"USA","jordan chiles","w",14
"USA","joscelyn roberson","w",14
"USA","leanne wong","w",14
"USA","joshua andrew karnes","m",15
"USA","brody malone","m",15
"USA","shane wiskus","m",15
"USA","landen paul blixt","m",15
"USA","frederick nathaniel richard","m",15
"USA","ashlee sullivan","w",15
"USA","jade carey","w",15
"USA","jordan chiles","w",15
"USA","joscelyn roberson","w",15
"USA","leanne wong","w",15
"USA","brody malone","m",16
"USA","asher hong","m",16
"USA","frederick nathaniel richard","m",16
"USA","shane wiskus","m",16
"USA","landen paul blixt","m",16
"USA","ashlee sullivan","w",16
"USA","jade carey","w",16
"USA","jordan chiles","w",16
"USA","joscelyn roberson","w",16
"USA","leanne wong","w",16
"USA","frederick nathaniel richard","m",17
"USA","joshua andrew karnes","m",17
"USA","colt walker","m",17
"USA","asher hong","m",17
"USA","shane wiskus","m",17
"USA","ashlee sullivan","w",17
"USA","jade carey","w",17
"USA","jordan chiles","w",17
"USA","joscelyn roberson","w",17
"USA","leanne wong","w",17
"USA","joshua andrew karnes","m",18
"USA","asher hong","m",18
"USA","shane wiskus","m",18
"USA","brody malone","m",18
"USA","colt walker","m",18
"USA","ashlee sullivan","w",18
"USA","jade carey","w",18
"USA","jordan chiles","w",18
"USA","joscelyn roberson","w",18
"USA","leanne wong","w",18
"USA","shane wiskus","m",19
"USA","joshua andrew karnes","m",19
"USA","brody malone","m",19
"USA","landen paul blixt","m",19
"USA","asher hong","m",19
"USA","ashlee sullivan","w",19
"USA","jade carey","w",19
"USA","jordan chiles","w",19
"USA","joscelyn roberson","w",19
"USA","leanne wong","w",19
"USA","landen paul blixt","m",20
"USA","frederick nathaniel richard","m",20
"USA","shane wiskus","m",20
"USA","colt walker","m",20
"USA","asher hong","m",20
"USA","ashlee sullivan","w",20
"USA","jade carey","w",20
"USA","jordan chiles","w",20
"USA","joscelyn roberson","w",20
"USA","leanne wong","w",20
"USA","asher hong","m",21
"USA","brody malone","m",21
"USA","shane wiskus","m",21
"USA","colt walker","m",21
"USA","landen paul blixt","m",21
"USA","ashlee sullivan","w",21
"USA","jade carey","w",21
"USA","jordan chiles","w",21
"USA","joscelyn roberson","w",21
"USA","leanne wong","w",21
"USA","frederick nathaniel richard","m",22
"USA","asher hong","m",22
"USA","shane wiskus","m",22
"USA","landen paul blixt","m",22
"USA","brody malone","m",22
"USA","ashlee sullivan","w",22
"USA","jade carey","w",22
"USA","jordan chiles","w",22
"USA","joscelyn roberson","w",22
"USA","leanne wong","w",22
"USA","shane wiskus","m",23
"USA","colt walker","m",23
"USA","frederick nathaniel richard","m",23
"USA","asher hong","m",23
"USA","joshua andrew karnes","m",23
"USA","ashlee sullivan","w",23
"USA","jade carey","w",23
"USA","jordan chiles","w",23
"USA","joscelyn roberson","w",23
"USA","leanne wong","w",23
"USA","joshua andrew karnes","m",24
"USA","brody malone","m",24
"USA","landen paul blixt","m",24
"USA","asher hong","m",24
"USA","shane wiskus","m",24
"USA","ashlee sullivan","w",24
"USA","jade carey","w",24
"USA","jordan chiles","w",24
"USA","joscelyn roberson","w",24
"USA","leanne wong","w",24
"USA","colt walker","m",25
"USA","joshua andrew karnes","m",25
"USA","landen paul blixt","m",25
"USA","asher hong","m",25
"USA","frederick nathaniel richard","m",25
"USA","ashlee sullivan","w",25
"USA","jade carey","w",25
"USA","jordan chiles","w",25
"USA","joscelyn roberson","w",25
"USA","leanne wong","w",25
"USA","colt walker","m",26
"USA","landen paul blixt","m",26
"USA","frederick nathaniel richard","m",26
"USA","brody malone","m",26
"USA","asher hong","m",26
"USA","ashlee sullivan","w",26
"USA","jade carey","w",26
"USA","jordan chiles","w",26
"USA","joscelyn roberson","w",26
"USA","leanne wong","w",26
"USA","landen paul blixt","m",27
"USA","asher hong","m",27
"USA","shane wiskus","m",27
"USA","joshua andrew karnes","m",27
"USA","colt walker","m",27
"USA","ashlee sullivan","w",27
"USA","jade carey","w",27
"USA","jordan chiles","w",27
"USA","joscelyn roberson","w",27
"USA","leanne wong","w",27
"USA","asher hong","m",28
"USA","brody malone","m",28
"USA","frederick nathaniel richard","m",28
"USA","shane wiskus","m",28
"USA","colt walker","m",28
"USA","ashlee sullivan","w",28
"USA","jade carey","w",28
"USA","jordan chiles","w",28
"USA","joscelyn roberson","w",28
"USA","leanne wong","w",28
"USA","brody malone","m",29
"USA","joshua andrew karnes","m",29
"USA","landen paul blixt","m",29
"USA","shane wiskus","m",29
"USA","asher hong","m",29
"USA","ashlee sullivan","w",29
"USA","jade carey","w",29
"USA","jordan chiles","w",29
"USA","joscelyn roberson","w",29
"USA","leanne wong","w",29
"USA","landen paul blixt","m",30
"USA","frederick nathaniel richard","m",30
"USA","shane wiskus","m",30
"USA","joshua andrew karnes","m",30
"USA","asher hong","m",30
"USA","ashlee sullivan","w",30
"USA","jade carey","w",30
"USA","jordan chiles","w",30
"USA","joscelyn roberson","w",30
"USA","leanne wong","w",30
"USA","shane wiskus","m",31
"USA","asher hong","m",31
"USA","joshua andrew karnes","m",31
"USA","frederick nathaniel richard","m",31
"USA","colt walker","m",31
"USA","ashlee sullivan","w",31
"USA","jade carey","w",31
"USA","jordan chiles","w",31
"USA","joscelyn roberson","w",31
"USA","leanne wong","w",31
"USA","frederick nathaniel richard","m",32
"USA","joshua andrew karnes","m",32
"USA","brody malone","m",32
"USA","asher hong","m",32
"USA","shane wiskus","m",32
"USA","ashlee sullivan","w",32
"USA","jade carey","w",32
"USA","jordan chiles","w",32
"USA","joscelyn roberson","w",32
"USA","leanne wong","w",32
"USA","shane wiskus","m",33
"USA","frederick nathaniel richard","m",33
"USA","colt walker","m",33
"USA","joshua andrew karnes","m",33
"USA","asher hong","m",33
"USA","ashlee sullivan","w",33
"USA","jade carey","w",33
"USA","jordan chiles","w",33
"USA","joscelyn roberson","w",33
"USA","leanne wong","w",33
"USA","joshua andrew karnes","m",34
"USA","frederick nathaniel richard","m",34
"USA","colt walker","m",34
"USA","brody malone","m",34
"USA","asher hong","m",34
"USA","ashlee sullivan","w",34
"USA","jade carey","w",34
"USA","jordan chiles","w",34
"USA","joscelyn roberson","w",34
"USA","leanne wong","w",34
"USA","landen paul blixt","m",35
"USA","shane wiskus","m",35
"USA","colt walker","m",35
"USA","frederick nathaniel richard","m",35
"USA","asher hong","m",35
"USA","ashlee sullivan","w",35
"USA","jade carey","w",35
"USA","jordan chiles","w",35
"USA","joscelyn roberson","w",35
"USA","leanne wong","w",35
"USA","colt walker","m",36
"USA","frederick nathaniel richard","m",36
"USA","brody malone","m",36
"USA","shane wiskus","m",36
"USA","asher hong","m",36
"USA","ashlee sullivan","w",36
"USA","jade carey","w",36
"USA","jordan chiles","w",36
"USA","joscelyn roberson","w",36
"USA","leanne wong","w",36
"USA","brody malone","m",37
"USA","shane wiskus","m",37
"USA","landen paul blixt","m",37
"USA","frederick nathaniel richard","m",37
"USA","joshua andrew karnes","m",37
"USA","ashlee sullivan","w",37
"USA","jade carey","w",37
"USA","jordan chiles","w",37
"USA","joscelyn roberson","w",37
"USA","leanne wong","w",37
"USA","joshua andrew karnes","m",38
"USA","colt walker","m",38
"USA","asher hong","m",38
"USA","brody malone","m",38
"USA","shane wiskus","m",38
"USA","ashlee sullivan","w",38
"USA","jade carey","w",38
"USA","jordan chiles","w",38
"USA","joscelyn roberson","w",38
"USA","leanne wong","w",38
"USA","joshua andrew karnes","m",39
"USA","colt walker","m",39
"USA","brody malone","m",39
"USA","landen paul blixt","m",39
"USA","frederick nathaniel richard","m",39
"USA","ashlee sullivan","w",39
"USA","jade carey","w",39
"USA","jordan chiles","w",39
"USA","joscelyn roberson","w",39
"USA","leanne wong","w",39
"USA","frederick nathaniel richard","m",40
"USA","colt walker","m",40
"USA","shane wiskus","m",40
"USA","brody malone","m",40
"USA","joshua andrew karnes","m",40
"USA","ashlee sullivan","w",40
"USA","jade carey","w",40
"USA","jordan chiles","w",40
"USA","joscelyn roberson","w",40
"USA","leanne wong","w",40
"USA","frederick nathaniel richard","m",41
"USA","shane wiskus","m",41
"USA","brody malone","m",41
"USA","joshua andrew karnes","m",41
"USA","landen paul blixt","m",41
"USA","ashlee sullivan","w",41
"USA","jade carey","w",41
"USA","jordan chiles","w",41
"USA","joscelyn roberson","w",41
"USA","leanne wong","w",41
"USA","landen paul blixt","m",42
"USA","brody malone","m",42
"USA","asher hong","m",42
"USA","joshua andrew karnes","m",42
"USA","shane wiskus","m",42
"USA","ashlee sullivan","w",42
"USA","jade carey","w",42
"USA","jordan chiles","w",42
"USA","joscelyn roberson","w",42
"USA","leanne wong","w",42
"USA","asher hong","m",43
"USA","joshua andrew karnes","m",43
"USA","brody malone","m",43
"USA","landen paul blixt","m",43
"USA","frederick nathaniel richard","m",43
"USA","ashlee sullivan","w",43
"USA","jade carey","w",43
"USA","jordan chiles","w",43
"USA","joscelyn roberson","w",43
"USA","leanne wong","w",43
"USA","brody malone","m",44
"USA","shane wiskus","m",44
"USA","frederick nathaniel richard","m",44
"USA","asher hong","m",44
"USA","colt walker","m",44
"USA","ashlee sullivan","w",44
"USA","jade carey","w",44
"USA","jordan chiles","w",44
"USA","joscelyn roberson","w",44
"USA","leanne wong","w",44
"USA","shane wiskus","m",45
"USA","brody malone","m",45
"USA","landen paul blixt","m",45
"USA","joshua andrew karnes","m",45
"USA","frederick nathaniel richard","m",45
"USA","ashlee sullivan","w",45
"USA","jade carey","w",45
"USA","jordan chiles","w",45
"USA","joscelyn roberson","w",45
"USA","leanne wong","w",45
"USA","joshua andrew karnes","m",46
"USA","frederick nathaniel richard","m",46
"USA","landen paul blixt","m",46
"USA","colt walker","m",46
"USA","brody malone","m",46
"USA","ashlee sullivan","w",46
"USA","jade carey","w",46
"USA","jordan chiles","w",46
"USA","joscelyn roberson","w",46
"USA","leanne wong","w",46
"USA","brody malone","m",47
"USA","shane wiskus","m",47
"USA","asher hong","m",47
"USA","frederick nathaniel richard","m",47
"USA","landen paul blixt","m",47
"USA","ashlee sullivan","w",47
"USA","jade carey","w",47
"USA","jordan chiles","w",47
"USA","joscelyn roberson","w",47
"USA","leanne wong","w",47
"USA","frederick nathaniel richard","m",48
"USA","brody malone","m",48
"USA","shane wiskus","m",48
"USA","joshua andrew karnes","m",48
"USA","colt walker","m",48
"USA","ashlee sullivan","w",48
"USA","jade carey","w",48
"USA","jordan chiles","w",48
"USA","joscelyn roberson","w",48
"USA","leanne wong","w",48
"USA","frederick nathaniel richard","m",49
"USA","brody malone","m",49
"USA","colt walker","m",49
"USA","joshua andrew karnes","m",49
"USA","asher hong","m",49
"USA","ashlee sullivan","w",49
"USA","jade carey","w",49
"USA","jordan chiles","w",49
"USA","joscelyn roberson","w",49
"USA","leanne wong","w",49
"USA","shane wiskus","m",50
"USA","asher hong","m",50
"USA","landen paul blixt","m",50
"USA","colt walker","m",50
"USA","joshua andrew karnes","m",50
"USA","ashlee sullivan","w",50
"USA","jade carey","w",50
"USA","jordan chiles","w",50
"USA","joscelyn roberson","w",50
"USA","leanne wong","w",50
"USA","frederick nathaniel richard","m",51
"USA","asher hong","m",51
"USA","shane wiskus","m",51
"USA","joshua andrew karnes","m",51
"USA","brody malone","m",51
"USA","ashlee sullivan","w",51
"USA","jade carey","w",51
"USA","jordan chiles","w",51
"USA","joscelyn roberson","w",51
"USA","leanne wong","w",51
"USA","brody malone","m",52
"USA","asher hong","m",52
"USA","shane wiskus","m",52
"USA","landen paul blixt","m",52
"USA","joshua andrew karnes","m",52
"USA","ashlee sullivan","w",52
"USA","jade carey","w",52
"USA","jordan chiles","w",52
"USA","joscelyn roberson","w",52
"USA","leanne wong","w",52
"USA","landen paul blixt","m",53
"USA","joshua andrew karnes","m",53
"USA","asher hong","m",53
"USA","brody malone","m",53
"USA","shane wiskus","m",53
"USA","ashlee sullivan","w",53
"USA","jade carey","w",53
"USA","jordan chiles","w",53
"USA","joscelyn roberson","w",53
"USA","leanne wong","w",53
"USA","joshua andrew karnes","m",54
"USA","brody malone","m",54
"USA","asher hong","m",54
"USA","frederick nathaniel richard","m",54
"USA","colt walker","m",54
"USA","ashlee sullivan","w",54
"USA","jade carey","w",54
"USA","jordan chiles","w",54
"USA","joscelyn roberson","w",54
"USA","leanne wong","w",54
"USA","shane wiskus","m",55
"USA","asher hong","m",55
"USA","colt walker","m",55
"USA","landen paul blixt","m",55
"USA","frederick nathaniel richard","m",55
"USA","ashlee sullivan","w",55
"USA","jade carey","w",55
"USA","jordan chiles","w",55
"USA","joscelyn roberson","w",55
"USA","leanne wong","w",55
"USA","joshua andrew karnes","m",56
"USA","brody malone","m",56
"USA","frederick nathaniel richard","m",56
"USA","shane wiskus","m",56
"USA","asher hong","m",56
"USA","ashlee sullivan","w",56
"USA","jade carey","w",56
"USA","jordan chiles","w",56
"USA","joscelyn roberson","w",56
"USA","leanne wong","w",56
"USA","joshua andrew karnes","m",57
"USA","colt walker","m",57
"USA","asher hong","m",57
"USA","shane wiskus","m",57
"USA","brody malone","m",57
"USA","ashlee sullivan","w",57
"USA","jade carey","w",57
"USA","jordan chiles","w",57
"USA","joscelyn roberson","w",57
"USA","leanne wong","w",57
"USA","frederick nathaniel richard","m",58
"USA","brody malone","m",58
"USA","joshua andrew karnes","m",58
"USA","shane wiskus","m",58
"USA","landen paul blixt","m",58
"USA","ashlee sullivan","w",58
"USA","jade carey","w",58
"USA","jordan chiles","w",58
"USA","joscelyn roberson","w",58
"USA","leanne wong","w",58
"USA","frederick nathaniel richard","m",59
"USA","landen paul blixt","m",59
"USA","brody malone","m",59
"USA","joshua andrew karnes","m",59
"USA","shane wiskus","m",59
"USA","ashlee sullivan","w",59
"USA","jade carey","w",59
"USA","jordan chiles","w",59
"USA","joscelyn roberson","w",59
"USA","leanne wong","w",59
"USA","landen paul blixt","m",60
"USA","frederick nathaniel richard","m",60
"USA","colt walker","m",60
"USA","brody malone","m",60
"USA","shane wiskus","m",60
"USA","ashlee sullivan","w",60
"USA","jade carey","w",60
"USA","jordan chiles","w",60
"USA","joscelyn roberson","w",60
"USA","leanne wong","w",60
"USA","frederick nathaniel richard","m",61
"USA","landen paul blixt","m",61
"USA","asher hong","m",61
"USA","joshua andrew karnes","m",61
"USA","brody malone","m",61
"USA","ashlee sullivan","w",61
"USA","jade carey","w",61
"USA","jordan chiles","w",61
"USA","joscelyn roberson","w",61
"USA","leanne wong","w",61
"USA","brody malone","m",62
"USA","colt walker","m",62
"USA","landen paul blixt","m",62
"USA","shane wiskus","m",62
"USA","joshua andrew karnes","m",62
"USA","ashlee sullivan","w",62
"USA","jade carey","w",62
"USA","jordan chiles","w",62
"USA","joscelyn roberson","w",62
"USA","leanne wong","w",62
"USA","frederick nathaniel richard","m",63
"USA","asher hong","m",63
"USA","shane wiskus","m",63
"USA","landen paul blixt","m",63
"USA","joshua andrew karnes","m",63
"USA","ashlee sullivan","w",63
"USA","jade carey","w",63
"USA","jordan chiles","w",63
"USA","joscelyn roberson","w",63
"USA","leanne wong","w",63
"USA","colt walker","m",64
"USA","shane wiskus","m",64
"USA","asher hong","m",64
"USA","brody malone","m",64
"USA","frederick nathaniel richard","m",64
"USA","ashlee sullivan","w",64
"USA","jade carey","w",64
"USA","jordan chiles","w",64
"USA","joscelyn roberson","w",64
"USA","leanne wong","w",64
"USA","asher hong","m",65
"USA","landen paul blixt","m",65
"USA","shane wiskus","m",65
"USA","brody malone","m",65
"USA","joshua andrew karnes","m",65
"USA","ashlee sullivan","w",65
"USA","jade carey","w",65
"USA","jordan chiles","w",65
"USA","joscelyn roberson","w",65
"USA","leanne wong","w",65
"USA","joshua andrew karnes","m",66
"USA","landen paul blixt","m",66
"USA","asher hong","m",66
"USA","shane wiskus","m",66
"USA","frederick nathaniel richard","m",66
"USA","ashlee sullivan","w",66
"USA","jade carey","w",66
"USA","jordan chiles","w",66
"USA","joscelyn roberson","w",66
"USA","leanne wong","w",66
"USA","brody malone","m",67
"USA","shane wiskus","m",67
"USA","joshua andrew karnes","m",67
"USA","landen paul blixt","m",67
"USA","asher hong","m",67
"USA","ashlee sullivan","w",67
"USA","jade carey","w",67
"USA","jordan chiles","w",67
"USA","joscelyn roberson","w",67
"USA","leanne wong","w",67
"USA","frederick nathaniel richard","m",68
"USA","shane wiskus","m",68
"USA","asher hong","m",68
"USA","joshua andrew karnes","m",68
"USA","brody malone","m",68
"USA","ashlee sullivan","w",68
"USA","jade carey","w",68
"USA","jordan chiles","w",68
"USA","joscelyn roberson","w",68
"USA","leanne wong","w",68
"USA","joshua andrew karnes","m",69
"USA","asher hong","m",69
"USA","landen paul blixt","m",69
"USA","brody malone","m",69
"USA","shane wiskus","m",69
"USA","ashlee sullivan","w",69
"USA","jade carey","w",69
"USA","jordan chiles","w",69
"USA","joscelyn roberson","w",69
"USA","leanne wong","w",69
"USA","brody malone","m",70
"USA","colt walker","m",70
"USA","shane wiskus","m",70
"USA","joshua andrew karnes","m",70
"USA","frederick nathaniel richard","m",70
"USA","ashlee sullivan","w",70
"USA","jade carey","w",70
"USA","jordan chiles","w",70
"USA","joscelyn roberson","w",70
"USA","leanne wong","w",70
"USA","landen paul blixt","m",71
"USA","colt walker","m",71
"USA","brody malone","m",71
"USA","frederick nathaniel richard","m",71
"USA","joshua andrew karnes","m",71
"USA","ashlee sullivan","w",71
"USA","jade carey","w",71
"USA","jordan chiles","w",71
"USA","joscelyn roberson","w",71
"USA","leanne wong","w",71
"USA","frederick nathaniel richard","m",72
"USA","shane wiskus","m",72
"USA","landen paul blixt","m",72
"USA","brody malone","m",72
"USA","joshua andrew karnes","m",72
"USA","ashlee sullivan","w",72
"USA","jade carey","w",72
"USA","jordan chiles","w",72
"USA","joscelyn roberson","w",72
"USA","leanne wong","w",72
"USA","landen paul blixt","m",73
"USA","frederick nathaniel richard","m",73
"USA","colt walker","m",73
"USA","shane wiskus","m",73
"USA","asher hong","m",73
"USA","ashlee sullivan","w",73
"USA","jade carey","w",73
"USA","jordan chiles","w",73
"USA","joscelyn roberson","w",73
"USA","leanne wong","w",73
"USA","asher hong","m",74
"USA","shane wiskus","m",74
"USA","joshua andrew karnes","m",74
"USA","frederick nathaniel richard","m",74
"USA","colt walker","m",74
"USA","ashlee sullivan","w",74
"USA","jade carey","w",74
"USA","jordan chiles","w",74
"USA","joscelyn roberson","w",74
"USA","leanne wong","w",74
"USA","frederick nathaniel richard","m",75
"USA","landen paul blixt","m",75
"USA","shane wiskus","m",75
"USA","joshua andrew karnes","m",75
"USA","brody malone","m",75
"USA","ashlee sullivan","w",75
"USA","jade carey","w",75
"USA","jordan chiles","w",75
"USA","joscelyn roberson","w",75
"USA","leanne wong","w",75
"USA","shane wiskus","m",76
"USA","brody malone","m",76
"USA","colt walker","m",76
"USA","landen paul blixt","m",76
"USA","frederick nathaniel richard","m",76
"USA","ashlee sullivan","w",76
"USA","jade carey","w",76
"USA","jordan chiles","w",76
"USA","joscelyn roberson","w",76
"USA","leanne wong","w",76
"USA","shane wiskus","m",77
"USA","landen paul blixt","m",77
"USA","asher hong","m",77
"USA","frederick nathaniel richard","m",77
"USA","joshua andrew karnes","m",77
"USA","ashlee sullivan","w",77
"USA","jade carey","w",77
"USA","jordan chiles","w",77
"USA","joscelyn roberson","w",77
"USA","leanne wong","w",77
"USA","asher hong","m",78
"USA","joshua andrew karnes","m",78
"USA","landen paul blixt","m",78
"USA","colt walker","m",78
"USA","brody malone","m",78
"USA","ashlee sullivan","w",78
"USA","jade carey","w",78
"USA","jordan chiles","w",78
"USA","joscelyn roberson","w",78
"USA","leanne wong","w",78
"USA","asher hong","m",79
"USA","landen paul blixt","m",79
"USA","joshua andrew karnes","m",79
"USA","frederick nathaniel richard","m",79
"USA","colt walker","m",79
"USA","ashlee sullivan","w",79
"USA","jade carey","w",79
"USA","jordan chiles","w",79
"USA","joscelyn roberson","w",79
"USA","leanne wong","w",79
"USA","landen paul blixt","m",80
"USA","colt walker","m",80
"USA","frederick nathaniel richard","m",80
"USA","brody malone","m",80
"USA","joshua andrew karnes","m",80
"USA","ashlee sullivan","w",80
"USA","jade carey","w",80
"USA","jordan chiles","w",80
"USA","joscelyn roberson","w",80
"USA","leanne wong","w",80
"USA","asher hong","m",81
"USA","joshua andrew karnes","m",81
"USA","frederick nathaniel richard","m",81
"USA","colt walker","m",81
"USA","landen paul blixt","m",81
"USA","ashlee sullivan","w",81
"USA","jade carey","w",81
"USA","jordan chiles","w",81
"USA","joscelyn roberson","w",81
"USA","leanne wong","w",81
"USA","joshua andrew karnes","m",82
"USA","asher hong","m",82
"USA","brody malone","m",82
"USA","colt walker","m",82
"USA","landen paul blixt","m",82
"USA","ashlee sullivan","w",82
"USA","jade carey","w",82
"USA","jordan chiles","w",82
"USA","joscelyn roberson","w",82
"USA","leanne wong","w",82
"USA","colt walker","m",83
"USA","joshua andrew karnes","m",83
"USA","frederick nathaniel richard","m",83
"USA","landen paul blixt","m",83
"USA","asher hong","m",83
"USA","ashlee sullivan","w",83
"USA","jade carey","w",83
"USA","jordan chiles","w",83
"USA","joscelyn roberson","w",83
"USA","leanne wong","w",83
"USA","frederick nathaniel richard","m",84
"USA","landen paul blixt","m",84
"USA","brody malone","m",84
"USA","asher hong","m",84
"USA","joshua andrew karnes","m",84
"USA","ashlee sullivan","w",84
"USA","jade carey","w",84
"USA","jordan chiles","w",84
"USA","joscelyn roberson","w",84
"USA","leanne wong","w",84
"USA","landen paul blixt","m",85
"USA","colt walker","m",85
"USA","joshua andrew karnes","m",85
"USA","asher hong","m",85
"USA","frederick nathaniel richard","m",85
"USA","ashlee sullivan","w",85
"USA","jade carey","w",85
"USA","jordan chiles","w",85
"USA","joscelyn roberson","w",85
"USA","leanne wong","w",85
"USA","landen paul blixt","m",86
"USA","colt walker","m",86
"USA","brody malone","m",86
"USA","joshua andrew karnes","m",86
"USA","shane wiskus","m",86
"USA","ashlee sullivan","w",86
"USA","jade carey","w",86
"USA","jordan chiles","w",86
"USA","joscelyn roberson","w",86
"USA","leanne wong","w",86
"USA","asher hong","m",87
"USA","joshua andrew karnes","m",87
"USA","colt walker","m",87
"USA","frederick nathaniel richard","m",87
"USA","landen paul blixt","m",87
"USA","ashlee sullivan","w",87
"USA","jade carey","w",87
"USA","jordan chiles","w",87
"USA","joscelyn roberson","w",87
"USA","leanne wong","w",87
"USA","joshua andrew karnes","m",88
"USA","colt walker","m",88
"USA","frederick nathaniel richard","m",88
"USA","brody malone","m",88
"USA","shane wiskus","m",88
"USA","ashlee sullivan","w",88
"USA","jade carey","w",88
"USA","jordan chiles","w",88
"USA","joscelyn roberson","w",88
"USA","leanne wong","w",88
"USA","asher hong","m",89
"USA","shane wiskus","m",89
"USA","frederick nathaniel richard","m",89
"USA","joshua andrew karnes","m",89
"USA","colt walker","m",89
"USA","ashlee sullivan","w",89
"USA","jade carey","w",89
"USA","jordan chiles","w",89
"USA","joscelyn roberson","w",89
"USA","leanne wong","w",89
"USA","joshua andrew karnes","m",90
"USA","colt walker","m",90
"USA","frederick nathaniel richard","m",90
"USA","shane wiskus","m",90
"USA","asher hong","m",90
"USA","ashlee sullivan","w",90
"USA","jade carey","w",90
"USA","jordan chiles","w",90
"USA","joscelyn roberson","w",90
"USA","leanne wong","w",90
"USA","asher hong","m",91
"USA","colt walker","m",91
"USA","shane wiskus","m",91
"USA","joshua andrew karnes","m",91
"USA","frederick nathaniel richard","m",91
"USA","ashlee sullivan","w",91
"USA","jade carey","w",91
"USA","jordan chiles","w",91
"USA","joscelyn roberson","w",91
"USA","leanne wong","w",91
"USA","landen paul blixt","m",92
"USA","frederick nathaniel richard","m",92
"USA","joshua andrew karnes","m",92
"USA","asher hong","m",92
"USA","shane wiskus","m",92
"USA","ashlee sullivan","w",92
"USA","jade carey","w",92
"USA","jordan chiles","w",92
"USA","joscelyn roberson","w",92
"USA","leanne wong","w",92
"USA","shane wiskus","m",93
"USA","landen paul blixt","m",93
"USA","colt walker","m",93
"USA","brody malone","m",93
"USA","asher hong","m",93
"USA","ashlee sullivan","w",93
"USA","jade carey","w",93
"USA","jordan chiles","w",93
"USA","joscelyn roberson","w",93
"USA","leanne wong","w",93
"USA","asher hong","m",94
"USA","shane wiskus","m",94
"USA","colt walker","m",94
"USA","brody malone","m",94
"USA","frederick nathaniel richard","m",94
"USA","ashlee sullivan","w",94
"USA","jade carey","w",94
"USA","jordan chiles","w",94
"USA","joscelyn roberson","w",94
"USA","leanne wong","w",94
"USA","colt walker","m",95
"USA","asher hong","m",95
"USA","brody malone","m",95
"USA","landen paul blixt","m",95
"USA","shane wiskus","m",95
"USA","ashlee sullivan","w",95
"USA","jade carey","w",95
"USA","jordan chiles","w",95
"USA","joscelyn roberson","w",95
"USA","leanne wong","w",95
"USA","landen paul blixt","m",96
"USA","colt walker","m",96
"USA","joshua andrew karnes","m",96
"USA","asher hong","m",96
"USA","brody malone","m",96
"USA","ashlee sullivan","w",96
"USA","jade carey","w",96
"USA","jordan chiles","w",96
"USA","joscelyn roberson","w",96
"USA","leanne wong","w",96
"USA","joshua andrew karnes","m",97
"USA","frederick nathaniel richard","m",97
"USA","landen paul blixt","m",97
"USA","brody malone","m",97
"USA","asher hong","m",97
"USA","ashlee sullivan","w",97
"USA","jade carey","w",97
"USA","jordan chiles","w",97
"USA","joscelyn roberson","w",97
"USA","leanne wong","w",97
"USA","landen paul blixt","m",98
"USA","brody malone","m",98
"USA","frederick nathaniel richard","m",98
"USA","colt walker","m",98
"USA","joshua andrew karnes","m",98
"USA","ashlee sullivan","w",98
"USA","jade carey","w",98
"USA","jordan chiles","w",98
"USA","joscelyn roberson","w",98
"USA","leanne wong","w",98
"USA","colt walker","m",99
"USA","brody malone","m",99
"USA","landen paul blixt","m",99
"USA","joshua andrew karnes","m",99
"USA","shane wiskus","m",99
"USA","ashlee sullivan","w",99
"USA","jade carey","w",99
"USA","jordan chiles","w",99
"USA","joscelyn roberson","w",99
"USA","leanne wong","w",99
"USA","asher hong","m",100
"USA","frederick nathaniel richard","m",100
"USA","landen paul blixt","m",100
"USA","shane wiskus","m",100
"USA","colt walker","m",100
"USA","ashlee sullivan","w",100
"USA","jade carey","w",100
"USA","jordan chiles","w",100
"USA","joscelyn roberson","w",100
"USA","leanne wong","w",100
"USA","landen paul blixt","m",101
"USA","brody malone","m",101
"USA","joshua andrew karnes","m",101
"USA","colt walker","m",101
"USA","shane wiskus","m",101
"USA","ashlee sullivan","w",101
"USA","jade carey","w",101
"USA","jordan chiles","w",101
"USA","joscelyn roberson","w",101
"USA","leanne wong","w",101
"USA","joshua andrew karnes","m",102
"USA","asher hong","m",102
"USA","brody malone","m",102
"USA","landen paul blixt","m",102
"USA","frederick nathaniel richard","m",102
"USA","ashlee sullivan","w",102
"USA","jade carey","w",102
"USA","jordan chiles","w",102
"USA","joscelyn roberson","w",102
"USA","leanne wong","w",102
"USA","shane wiskus","m",103
"USA","colt walker","m",103
"USA","joshua andrew karnes","m",103
"USA","frederick nathaniel richard","m",103
"USA","asher hong","m",103
"USA","ashlee sullivan","w",103
"USA","jade carey","w",103
"USA","jordan chiles","w",103
"USA","joscelyn roberson","w",103
"USA","leanne wong","w",103
"USA","asher hong","m",104
"USA","landen paul blixt","m",104
"USA","joshua andrew karnes","m",104
"USA","colt walker","m",104
"USA","shane wiskus","m",104
"USA","ashlee sullivan","w",104
"USA","jade carey","w",104
"USA","jordan chiles","w",104
"USA","joscelyn roberson","w",104
"USA","leanne wong","w",104
"USA","joshua andrew karnes","m",105
"USA","brody malone","m",105
"USA","colt walker","m",105
"USA","asher hong","m",105
"USA","frederick nathaniel richard","m",105
"USA","ashlee sullivan","w",105
"USA","jade carey","w",105
"USA","jordan chiles","w",105
"USA","joscelyn roberson","w",105
"USA","leanne wong","w",105
"USA","shane wiskus","m",106
"USA","colt walker","m",106
"USA","joshua andrew karnes","m",106
"USA","landen paul blixt","m",106
"USA","brody malone","m",106
"USA","ashlee sullivan","w",106
"USA","jade carey","w",106
"USA","jordan chiles","w",106
"USA","joscelyn roberson","w",106
"USA","leanne wong","w",106
"USA","landen paul blixt","m",107
"USA","joshua andrew karnes","m",107
"USA","asher hong","m",107
"USA","brody malone","m",107
"USA","shane wiskus","m",107
"USA","ashlee sullivan","w",107
"USA","jade carey","w",107
"USA","jordan chiles","w",107
"USA","joscelyn roberson","w",107
"USA","leanne wong","w",107
"USA","brody malone","m",108
"USA","frederick nathaniel richard","m",108
"USA","joshua andrew karnes","m",108
"USA","colt walker","m",108
"USA","shane wiskus","m",108
"USA","ashlee sullivan","w",108
"USA","jade carey","w",108
"USA","jordan chiles","w",108
"USA","joscelyn roberson","w",108
"USA","leanne wong","w",108
"USA","colt walker","m",109
"USA","frederick nathaniel richard","m",109
"USA","asher hong","m",109
"USA","joshua andrew karnes","m",109
"USA","shane wiskus","m",109
"USA","ashlee sullivan","w",109
"USA","jade carey","w",109
"USA","jordan chiles","w",109
"USA","joscelyn roberson","w",109
"USA","leanne wong","w",109
"USA","landen paul blixt","m",110
"USA","colt walker","m",110
"USA","joshua andrew karnes","m",110
"USA","frederick nathaniel richard","m",110
"USA","shane wiskus","m",110
"USA","ashlee sullivan","w",110
"USA","jade carey","w",110
"USA","jordan chiles","w",110
"USA","joscelyn roberson","w",110
"USA","leanne wong","w",110
"USA","brody malone","m",111
"USA","landen paul blixt","m",111
"USA","frederick nathaniel richard","m",111
"USA","joshua andrew karnes","m",111
"USA","colt walker","m",111
"USA","ashlee sullivan","w",111
"USA","jade carey","w",111
"USA","jordan chiles","w",111
"USA","joscelyn roberson","w",111
"USA","leanne wong","w",111
"USA","frederick nathaniel richard","m",112
"USA","colt walker","m",112
"USA","joshua andrew karnes","m",112
"USA","landen paul blixt","m",112
"USA","asher hong","m",112
"USA","ashlee sullivan","w",112
"USA","jade carey","w",112
"USA","jordan chiles","w",112
"USA","joscelyn roberson","w",112
"USA","leanne wong","w",112
"USA","brody malone","m",113
"USA","colt walker","m",113
"USA","frederick nathaniel richard","m",113
"USA","landen paul blixt","m",113
"USA","shane wiskus","m",113
"USA","ashlee sullivan","w",113
"USA","jade carey","w",113
"USA","jordan chiles","w",113
"USA","joscelyn roberson","w",113
"USA","leanne wong","w",113
"USA","brody malone","m",114
"USA","joshua andrew karnes","m",114
"USA","asher hong","m",114
"USA","landen paul blixt","m",114
"USA","shane wiskus","m",114
"USA","ashlee sullivan","w",114
"USA","jade carey","w",114
"USA","jordan chiles","w",114
"USA","joscelyn roberson","w",114
"USA","leanne wong","w",114
"USA","brody malone","m",115
"USA","frederick nathaniel richard","m",115
"USA","landen paul blixt","m",115
"USA","colt walker","m",115
"USA","joshua andrew karnes","m",115
"USA","ashlee sullivan","w",115
"USA","jade carey","w",115
"USA","jordan chiles","w",115
"USA","joscelyn roberson","w",115
"USA","leanne wong","w",115
"USA","brody malone","m",116
"USA","frederick nathaniel richard","m",116
"USA","colt walker","m",116
"USA","landen paul blixt","m",116
"USA","joshua andrew karnes","m",116
"USA","ashlee sullivan","w",116
"USA","jade carey","w",116
"USA","jordan chiles","w",116
"USA","joscelyn roberson","w",116
"USA","leanne wong","w",116
"USA","joshua andrew karnes","m",117
"USA","frederick nathaniel richard","m",117
"USA","brody malone","m",117
"USA","colt walker","m",117
"USA","landen paul blixt","m",117
"USA","ashlee sullivan","w",117
"USA","jade carey","w",117
"USA","jordan chiles","w",117
"USA","joscelyn roberson","w",117
"USA","leanne wong","w",117
"USA","asher hong","m",118
"USA","brody malone","m",118
"USA","colt walker","m",118
"USA","frederick nathaniel richard","m",118
"USA","joshua andrew karnes","m",118
"USA","ashlee sullivan","w",118
"USA","jade carey","w",118
"USA","jordan chiles","w",118
"USA","joscelyn roberson","w",118
"USA","leanne wong","w",118
"USA","brody malone","m",119
"USA","joshua andrew karnes","m",119
"USA","asher hong","m",119
"USA","shane wiskus","m",119
"USA","landen paul blixt","m",119
"USA","ashlee sullivan","w",119
"USA","jade carey","w",119
"USA","jordan chiles","w",119
"USA","joscelyn roberson","w",119
"USA","leanne wong","w",119
"USA","frederick nathaniel richard","m",120
"USA","colt walker","m",120
"USA","brody malone","m",120
"USA","landen paul blixt","m",120
"USA","asher hong","m",120
"USA","ashlee sullivan","w",120
"USA","jade carey","w",120
"USA","jordan chiles","w",120
"USA","joscelyn roberson","w",120
"USA","leanne wong","w",120
"USA","colt walker","m",121
"USA","frederick nathaniel richard","m",121
"USA","joshua andrew karnes","m",121
"USA","shane wiskus","m",121
"USA","asher hong","m",121
"USA","ashlee sullivan","w",121
"USA","jade carey","w",121
"USA","jordan chiles","w",121
"USA","joscelyn roberson","w",121
"USA","leanne wong","w",121
"USA","frederick nathaniel richard","m",122
"USA","joshua andrew karnes","m",122
"USA","colt walker","m",122
"USA","landen paul blixt","m",122
"USA","shane wiskus","m",122
"USA","ashlee sullivan","w",122
"USA","jade carey","w",122
"USA","jordan chiles","w",122
"USA","joscelyn roberson","w",122
"USA","leanne wong","w",122
"USA","colt walker","m",123
"USA","landen paul blixt","m",123
"USA","frederick nathaniel richard","m",123
"USA","joshua andrew karnes","m",123
"USA","shane wiskus","m",123
"USA","ashlee sullivan","w",123
"USA","jade carey","w",123
"USA","jordan chiles","w",123
"USA","joscelyn roberson","w",123
"USA","leanne wong","w",123
"USA","colt walker","m",124
"USA","asher hong","m",124
"USA","shane wiskus","m",124
"USA","frederick nathaniel richard","m",124
"USA","joshua andrew karnes","m",124
"USA","ashlee sullivan","w",124
"USA","jade carey","w",124
"USA","jordan chiles","w",124
"USA","joscelyn roberson","w",124
"USA","leanne wong","w",124
"USA","brody malone","m",125
"USA","shane wiskus","m",125
"USA","frederick nathaniel richard","m",125
"USA","asher hong","m",125
"USA","colt walker","m",125
"USA","ashlee sullivan","w",125
"USA","jade carey","w",125
"USA","jordan chiles","w",125
"USA","joscelyn roberson","w",125
"USA","leanne wong","w",125
"USA","colt walker","m",126
"USA","shane wiskus","m",126
"USA","asher hong","m",126
"USA","brody malone","m",126
"USA","frederick nathaniel richard","m",126
"USA","ashlee sullivan","w",126
"USA","jade carey","w",126
"USA","jordan chiles","w",126
"USA","joscelyn roberson","w",126
"USA","leanne wong","w",126
"USA","brody malone","m",127
"USA","joshua andrew karnes","m",127
"USA","landen paul blixt","m",127
"USA","asher hong","m",127
"USA","colt walker","m",127
"USA","ashlee sullivan","w",127
"USA","jade carey","w",127
"USA","jordan chiles","w",127
"USA","joscelyn roberson","w",127
"USA","leanne wong","w",127
"USA","frederick nathaniel richard","m",128
"USA","brody malone","m",128
"USA","landen paul blixt","m",128
"USA","shane wiskus","m",128
"USA","asher hong","m",128
"USA","ashlee sullivan","w",128
"USA","jade carey","w",128
"USA","jordan chiles","w",128
"USA","joscelyn roberson","w",128
"USA","leanne wong","w",128
"USA","asher hong","m",129
"USA","shane wiskus","m",129
"USA","landen paul blixt","m",129
"USA","joshua andrew karnes","m",129
"USA","colt walker","m",129
"USA","ashlee sullivan","w",129
"USA","jade carey","w",129
"USA","jordan chiles","w",129
"USA","joscelyn roberson","w",129
"USA","leanne wong","w",129
"USA","brody malone","m",130
"USA","joshua andrew karnes","m",130
"USA","asher hong","m",130
"USA","frederick nathaniel richard","m",130
"USA","landen paul blixt","m",130
"USA","ashlee sullivan","w",130
"USA","jade carey","w",130
"USA","jordan chiles","w",130
"USA","joscelyn roberson","w",130
"USA","leanne wong","w",130
"USA","joshua andrew karnes","m",131
"USA","brody malone","m",131
"USA","asher hong","m",131
"USA","colt walker","m",131
"USA","shane wiskus","m",131
"USA","ashlee sullivan","w",131
"USA","jade carey","w",131
"USA","jordan chiles","w",131
"USA","joscelyn roberson","w",131
"USA","leanne wong","w",131
"USA","landen paul blixt","m",132
"USA","brody malone","m",132
"USA","shane wiskus","m",132
"USA","joshua andrew karnes","m",132
"USA","frederick nathaniel richard","m",132
"USA","ashlee sullivan","w",132
"USA","jade carey","w",132
"USA","jordan chiles","w",132
"USA","joscelyn roberson","w",132
"USA","leanne wong","w",132
"USA","joshua andrew karnes","m",133
"USA","shane wiskus","m",133
"USA","asher hong","m",133
"USA","brody malone","m",133
"USA","colt walker","m",133
"USA","ashlee sullivan","w",133
"USA","jade carey","w",133
"USA","jordan chiles","w",133
"USA","joscelyn roberson","w",133
"USA","leanne wong","w",133
"USA","landen paul blixt","m",134
"USA","shane wiskus","m",134
"USA","asher hong","m",134
"USA","frederick nathaniel richard","m",134
"USA","brody malone","m",134
"USA","ashlee sullivan","w",134
"USA","jade carey","w",134
"USA","jordan chiles","w",134
"USA","joscelyn roberson","w",134
"USA","leanne wong","w",134
"USA","frederick nathaniel richard","m",135
"USA","asher hong","m",135
"USA","brody malone","m",135
"USA","shane wiskus","m",135
"USA","colt walker","m",135
"USA","ashlee sullivan","w",135
"USA","jade carey","w",135
"USA","jordan chiles","w",135
"USA","joscelyn roberson","w",135
"USA","leanne wong","w",135
"USA","colt walker","m",136
"USA","joshua andrew karnes","m",136
"USA","brody malone","m",136
"USA","asher hong","m",136
"USA","frederick nathaniel richard","m",136
"USA","ashlee sullivan","w",136
"USA","jade carey","w",136
"USA","jordan chiles","w",136
"USA","joscelyn roberson","w",136
"USA","leanne wong","w",136
"USA","frederick nathaniel richard","m",137
"USA","brody malone","m",137
"USA","asher hong","m",137
"USA","landen paul blixt","m",137
"USA","shane wiskus","m",137
"USA","ashlee sullivan","w",137
"USA","jade carey","w",137
"USA","jordan chiles","w",137
"USA","joscelyn roberson","w",137
"USA","leanne wong","w",137
"USA","shane wiskus","m",138
"USA","joshua andrew karnes","m",138
"USA","brody malone","m",138
"USA","frederick nathaniel richard","m",138
"USA","asher hong","m",138
"USA","ashlee sullivan","w",138
"USA","jade carey","w",138
"USA","jordan chiles","w",138
"USA","joscelyn roberson","w",138
"USA","leanne wong","w",138
"USA","asher hong","m",139
"USA","shane wiskus","m",139
"USA","brody malone","m",139
"USA","frederick nathaniel richard","m",139
"USA","joshua andrew karnes","m",139
"USA","ashlee sullivan","w",139
"USA","jade carey","w",139
"USA","jordan chiles","w",139
"USA","joscelyn roberson","w",139
"USA","leanne wong","w",139
"USA","shane wiskus","m",140
"USA","colt walker","m",140
"USA","frederick nathaniel richard","m",140
"USA","joshua andrew karnes","m",140
"USA","brody malone","m",140
"USA","ashlee sullivan","w",140
"USA","jade carey","w",140
"USA","jordan chiles","w",140
"USA","joscelyn roberson","w",140
"USA","leanne wong","w",140
"USA","colt walker","m",141
"USA","shane wiskus","m",141
"USA","frederick nathaniel richard","m",141
"USA","brody malone","m",141
"USA","joshua andrew karnes","m",141
"USA","ashlee sullivan","w",141
"USA","jade carey","w",141
"USA","jordan chiles","w",141
"USA","joscelyn roberson","w",141
"USA","leanne wong","w",141
"USA","landen paul blixt","m",142
"USA","joshua andrew karnes","m",142
"USA","brody malone","m",142
"USA","frederick nathaniel richard","m",142
"USA","colt walker","m",142
"USA","ashlee sullivan","w",142
"USA","jade carey","w",142
"USA","jordan chiles","w",142
"USA","joscelyn roberson","w",142
"USA","leanne wong","w",142
"USA","shane wiskus","m",143
"USA","frederick nathaniel richard","m",143
"USA","asher hong","m",143
"USA","landen paul blixt","m",143
"USA","joshua andrew karnes","m",143
"USA","ashlee sullivan","w",143
"USA","jade carey","w",143
"USA","jordan chiles","w",143
"USA","joscelyn roberson","w",143
"USA","leanne wong","w",143
"USA","frederick nathaniel richard","m",144
"USA","shane wiskus","m",144
"USA","asher hong","m",144
"USA","joshua andrew karnes","m",144
"USA","brody malone","m",144
"USA","ashlee sullivan","w",144
"USA","jade carey","w",144
"USA","jordan chiles","w",144
"USA","joscelyn roberson","w",144
"USA","leanne wong","w",144
"USA","asher hong","m",145
"USA","brody malone","m",145
"USA","joshua andrew karnes","m",145
"USA","frederick nathaniel richard","m",145
"USA","shane wiskus","m",145
"USA","ashlee sullivan","w",145
"USA","jade carey","w",145
"USA","jordan chiles","w",145
"USA","joscelyn roberson","w",145
"USA","leanne wong","w",145
"USA","joshua andrew karnes","m",146
"USA","colt walker","m",146
"USA","landen paul blixt","m",146
"USA","frederick nathaniel richard","m",146
"USA","asher hong","m",146
"USA","ashlee sullivan","w",146
"USA","jade carey","w",146
"USA","jordan chiles","w",146
"USA","joscelyn roberson","w",146
"USA","leanne wong","w",146
"USA","frederick nathaniel richard","m",147
"USA","landen paul blixt","m",147
"USA","brody malone","m",147
"USA","colt walker","m",147
"USA","asher hong","m",147
"USA","ashlee sullivan","w",147
"USA","jade carey","w",147
"USA","jordan chiles","w",147
"USA","joscelyn roberson","w",147
"USA","leanne wong","w",147
"USA","joshua andrew karnes","m",148
"USA","landen paul blixt","m",148
"USA","shane wiskus","m",148
"USA","frederick nathaniel richard","m",148
"USA","brody malone","m",148
"USA","ashlee sullivan","w",148
"USA","jade carey","w",148
"USA","jordan chiles","w",148
"USA","joscelyn roberson","w",148
"USA","leanne wong","w",148
"USA","brody malone","m",149
"USA","landen paul blixt","m",149
"USA","colt walker","m",149
"USA","asher hong","m",149
"USA","joshua andrew karnes","m",149
"USA","ashlee sullivan","w",149
"USA","jade carey","w",149
"USA","jordan chiles","w",149
"USA","joscelyn roberson","w",149
"USA","leanne wong","w",149
"USA","joshua andrew karnes","m",150
"USA","colt walker","m",150
"USA","asher hong","m",150
"USA","shane wiskus","m",150
"USA","brody malone","m",150
"USA","ashlee sullivan","w",150
"USA","jade carey","w",150
"USA","jordan chiles","w",150
"USA","joscelyn roberson","w",150
"USA","leanne wong","w",150
"USA","frederick nathaniel richard","m",151
"USA","joshua andrew karnes","m",151
"USA","asher hong","m",151
"USA","colt walker","m",151
"USA","shane wiskus","m",151
"USA","ashlee sullivan","w",151
"USA","jade carey","w",151
"USA","jordan chiles","w",151
"USA","joscelyn roberson","w",151
"USA","leanne wong","w",151
"USA","joshua andrew karnes","m",152
"USA","colt walker","m",152
"USA","landen paul blixt","m",152
"USA","brody malone","m",152
"USA","asher hong","m",152
"USA","ashlee sullivan","w",152
"USA","jade carey","w",152
"USA","jordan chiles","w",152
"USA","joscelyn roberson","w",152
"USA","leanne wong","w",152
"USA","landen paul blixt","m",153
"USA","asher hong","m",153
"USA","joshua andrew karnes","m",153
"USA","colt walker","m",153
"USA","frederick nathaniel richard","m",153
"USA","ashlee sullivan","w",153
"USA","jade carey","w",153
"USA","jordan chiles","w",153
"USA","joscelyn roberson","w",153
"USA","leanne wong","w",153
"USA","colt walker","m",154
"USA","joshua andrew karnes","m",154
"USA","landen paul blixt","m",154
"USA","brody malone","m",154
"USA","asher hong","m",154
"USA","ashlee sullivan","w",154
"USA","jade carey","w",154
"USA","jordan chiles","w",154
"USA","joscelyn roberson","w",154
"USA","leanne wong","w",154
"USA","colt walker","m",155
"USA","brody malone","m",155
"USA","joshua andrew karnes","m",155
"USA","frederick nathaniel richard","m",155
"USA","landen paul blixt","m",155
"USA","ashlee sullivan","w",155
"USA","jade carey","w",155
"USA","jordan chiles","w",155
"USA","joscelyn roberson","w",155
"USA","leanne wong","w",155
"USA","landen paul blixt","m",156
"USA","asher hong","m",156
"USA","shane wiskus","m",156
"USA","joshua andrew karnes","m",156
"USA","brody malone","m",156
"USA","ashlee sullivan","w",156
"USA","jade carey","w",156
"USA","jordan chiles","w",156
"USA","joscelyn roberson","w",156
"USA","leanne wong","w",156
"USA","brody malone","m",157
"USA","landen paul blixt","m",157
"USA","colt walker","m",157
"USA","frederick nathaniel richard","m",157
"USA","shane wiskus","m",157
"USA","ashlee sullivan","w",157
"USA","jade carey","w",157
"USA","jordan chiles","w",157
"USA","joscelyn roberson","w",157
"USA","leanne wong","w",157
"USA","brody malone","m",158
"USA","joshua andrew karnes","m",158
"USA","shane wiskus","m",158
"USA","colt walker","m",158
"USA","landen paul blixt","m",158
"USA","ashlee sullivan","w",158
"USA","jade carey","w",158
"USA","jordan chiles","w",158
"USA","joscelyn roberson","w",158
"USA","leanne wong","w",158
"USA","colt walker","m",159
"USA","frederick nathaniel richard","m",159
"USA","shane wiskus","m",159
"USA","asher hong","m",159
"USA","landen paul blixt","m",159
"USA","ashlee sullivan","w",159
"USA","jade carey","w",159
"USA","jordan chiles","w",159
"USA","joscelyn roberson","w",159
"USA","leanne wong","w",159
"USA","shane wiskus","m",160
"USA","brody malone","m",160
"USA","frederick nathaniel richard","m",160
"USA","landen paul blixt","m",160
"USA","colt walker","m",160
"USA","ashlee sullivan","w",160
"USA","jade carey","w",160
"USA","jordan chiles","w",160
"USA","joscelyn roberson","w",160
"USA","leanne wong","w",160
"USA","joshua andrew karnes","m",161
"USA","frederick nathaniel richard","m",161
"USA","asher hong","m",161
"USA","shane wiskus","m",161
"USA","colt walker","m",161
"USA","ashlee sullivan","w",161
"USA","jade carey","w",161
"USA","jordan chiles","w",161
"USA","joscelyn roberson","w",161
"USA","leanne wong","w",161
"USA","joshua andrew karnes","m",162
"USA","shane wiskus","m",162
"USA","landen paul blixt","m",162
"USA","frederick nathaniel richard","m",162
"USA","colt walker","m",162
"USA","ashlee sullivan","w",162
"USA","jade carey","w",162
"USA","jordan chiles","w",162
"USA","joscelyn roberson","w",162
"USA","leanne wong","w",162
"USA","colt walker","m",163
"USA","asher hong","m",163
"USA","brody malone","m",163
"USA","frederick nathaniel richard","m",163
"USA","joshua andrew karnes","m",163
"USA","ashlee sullivan","w",163
"USA","jade carey","w",163
"USA","jordan chiles","w",163
"USA","joscelyn roberson","w",163
"USA","leanne wong","w",163
"USA","brody malone","m",164
"USA","shane wiskus","m",164
"USA","landen paul blixt","m",164
"USA","frederick nathaniel richard","m",164
"USA","joshua andrew karnes","m",164
"USA","ashlee sullivan","w",164
"USA","jade carey","w",164
"USA","jordan chiles","w",164
"USA","joscelyn roberson","w",164
"USA","leanne wong","w",164
"USA","colt walker","m",165
"USA","frederick nathaniel richard","m",165
"USA","landen paul blixt","m",165
"USA","asher hong","m",165
"USA","shane wiskus","m",165
"USA","ashlee sullivan","w",165
"USA","jade carey","w",165
"USA","jordan chiles","w",165
"USA","joscelyn roberson","w",165
"USA","leanne wong","w",165
"USA","landen paul blixt","m",166
"USA","brody malone","m",166
"USA","joshua andrew karnes","m",166
"USA","asher hong","m",166
"USA","shane wiskus","m",166
"USA","ashlee sullivan","w",166
"USA","jade carey","w",166
"USA","jordan chiles","w",166
"USA","joscelyn roberson","w",166
"USA","leanne wong","w",166
"USA","asher hong","m",167
"USA","colt walker","m",167
"USA","frederick nathaniel richard","m",167
"USA","joshua andrew karnes","m",167
"USA","landen paul blixt","m",167
"USA","ashlee sullivan","w",167
"USA","jade carey","w",167
"USA","jordan chiles","w",167
"USA","joscelyn roberson","w",167
"USA","leanne wong","w",167
"USA","frederick nathaniel richard","m",168
"USA","asher hong","m",168
"USA","joshua andrew karnes","m",168
"USA","shane wiskus","m",168
"USA","brody malone","m",168
"USA","ashlee sullivan","w",168
"USA","jade carey","w",168
"USA","jordan chiles","w",168
"USA","joscelyn roberson","w",168
"USA","leanne wong","w",168
"USA","joshua andrew karnes","m",169
"USA","asher hong","m",169
"USA","frederick nathaniel richard","m",169
"USA","shane wiskus","m",169
"USA","landen paul blixt","m",169
"USA","ashlee sullivan","w",169
"USA","jade carey","w",169
"USA","jordan chiles","w",169
"USA","joscelyn roberson","w",169
"USA","leanne wong","w",169
"USA","asher hong","m",170
"USA","joshua andrew karnes","m",170
"USA","shane wiskus","m",170
"USA","landen paul blixt","m",170
"USA","brody malone","m",170
"USA","ashlee sullivan","w",170
"USA","jade carey","w",170
"USA","jordan chiles","w",170
"USA","joscelyn roberson","w",170
"USA","leanne wong","w",170
"USA","asher hong","m",171
"USA","landen paul blixt","m",171
"USA","joshua andrew karnes","m",171
"USA","frederick nathaniel richard","m",171
"USA","colt walker","m",171
"USA","ashlee sullivan","w",171
"USA","jade carey","w",171
"USA","jordan chiles","w",171
"USA","joscelyn roberson","w",171
"USA","leanne wong","w",171
"USA","colt walker","m",172
"USA","landen paul blixt","m",172
"USA","brody malone","m",172
"USA","asher hong","m",172
"USA","shane wiskus","m",172
"USA","ashlee sullivan","w",172
"USA","jade carey","w",172
"USA","jordan chiles","w",172
"USA","joscelyn roberson","w",172
"USA","leanne wong","w",172
"USA","joshua andrew karnes","m",173
"USA","brody malone","m",173
"USA","colt walker","m",173
"USA","shane wiskus","m",173
"USA","landen paul blixt","m",173
"USA","ashlee sullivan","w",173
"USA","jade carey","w",173
"USA","jordan chiles","w",173
"USA","joscelyn roberson","w",173
"USA","leanne wong","w",173
"USA","asher hong","m",174
"USA","brody malone","m",174
"USA","landen paul blixt","m",174
"USA","colt walker","m",174
"USA","frederick nathaniel richard","m",174
"USA","ashlee sullivan","w",174
"USA","jade carey","w",174
"USA","jordan chiles","w",174
"USA","joscelyn roberson","w",174
"USA","leanne wong","w",174
"USA","joshua andrew karnes","m",175
"USA","landen paul blixt","m",175
"USA","colt walker","m",175
"USA","asher hong","m",175
"USA","shane wiskus","m",175
"USA","ashlee sullivan","w",175
"USA","jade carey","w",175
"USA","jordan chiles","w",175
"USA","joscelyn roberson","w",175
"USA","leanne wong","w",175
"USA","shane wiskus","m",176
"USA","colt walker","m",176
"USA","brody malone","m",176
"USA","frederick nathaniel richard","m",176
"USA","joshua andrew karnes","m",176
"USA","ashlee sullivan","w",176
"USA","jade carey","w",176
"USA","jordan chiles","w",176
"USA","joscelyn roberson","w",176
"USA","leanne wong","w",176
"USA","landen paul blixt","m",177
"USA","frederick nathaniel richard","m",177
"USA","brody malone","m",177
"USA","asher hong","m",177
"USA","shane wiskus","m",177
"USA","ashlee sullivan","w",177
"USA","jade carey","w",177
"USA","jordan chiles","w",177
"USA","joscelyn roberson","w",177
"USA","leanne wong","w",177
"USA","frederick nathaniel richard","m",178
"USA","joshua andrew karnes","m",178
"USA","asher hong","m",178
"USA","colt walker","m",178
"USA","brody malone","m",178
"USA","ashlee sullivan","w",178
"USA","jade carey","w",178
"USA","jordan chiles","w",178
"USA","joscelyn roberson","w",178
"USA","leanne wong","w",178
"USA","asher hong","m",179
"USA","brody malone","m",179
"USA","colt walker","m",179
"USA","shane wiskus","m",179
"USA","landen paul blixt","m",179
"USA","ashlee sullivan","w",179
"USA","jade carey","w",179
"USA","jordan chiles","w",179
"USA","joscelyn roberson","w",179
"USA","leanne wong","w",179
"USA","asher hong","m",180
"USA","shane wiskus","m",180
"USA","landen paul blixt","m",180
"USA","brody malone","m",180
"USA","joshua andrew karnes","m",180
"USA","ashlee sullivan","w",180
"USA","jade carey","w",180
"USA","jordan chiles","w",180
"USA","joscelyn roberson","w",180
"USA","leanne wong","w",180
"USA","shane wiskus","m",181
"USA","joshua andrew karnes","m",181
"USA","colt walker","m",181
"USA","asher hong","m",181
"USA","brody malone","m",181
"USA","ashlee sullivan","w",181
"USA","jade carey","w",181
"USA","jordan chiles","w",181
"USA","joscelyn roberson","w",181
"USA","leanne wong","w",181
"USA","shane wiskus","m",182
"USA","colt walker","m",182
"USA","frederick nathaniel richard","m",182
"USA","joshua andrew karnes","m",182
"USA","asher hong","m",182
"USA","ashlee sullivan","w",182
"USA","jade carey","w",182
"USA","jordan chiles","w",182
"USA","joscelyn roberson","w",182
"USA","leanne wong","w",182
"USA","colt walker","m",183
"USA","asher hong","m",183
"USA","brody malone","m",183
"USA","shane wiskus","m",183
"USA","frederick nathaniel richard","m",183
"USA","ashlee sullivan","w",183
"USA","jade carey","w",183
"USA","jordan chiles","w",183
"USA","joscelyn roberson","w",183
"USA","leanne wong","w",183
"USA","brody malone","m",184
"USA","shane wiskus","m",184
"USA","joshua andrew karnes","m",184
"USA","colt walker","m",184
"USA","landen paul blixt","m",184
"USA","ashlee sullivan","w",184
"USA","jade carey","w",184
"USA","jordan chiles","w",184
"USA","joscelyn roberson","w",184
"USA","leanne wong","w",184
"USA","landen paul blixt","m",185
"USA","shane wiskus","m",185
"USA","brody malone","m",185
"USA","frederick nathaniel richard","m",185
"USA","colt walker","m",185
"USA","ashlee sullivan","w",185
"USA","jade carey","w",185
"USA","jordan chiles","w",185
"USA","joscelyn roberson","w",185
"USA","leanne wong","w",185
"USA","brody malone","m",186
"USA","colt walker","m",186
"USA","frederick nathaniel richard","m",186
"USA","asher hong","m",186
"USA","shane wiskus","m",186
"USA","ashlee sullivan","w",186
"USA","jade carey","w",186
"USA","jordan chiles","w",186
"USA","joscelyn roberson","w",186
"USA","leanne wong","w",186
"USA","brody malone","m",187
"USA","colt walker","m",187
"USA","landen paul blixt","m",187
"USA","joshua andrew karnes","m",187
"USA","shane wiskus","m",187
"USA","ashlee sullivan","w",187
"USA","jade carey","w",187
"USA","jordan chiles","w",187
"USA","joscelyn roberson","w",187
"USA","leanne wong","w",187
"USA","colt walker","m",188
"USA","shane wiskus","m",188
"USA","brody malone","m",188
"USA","joshua andrew karnes","m",188
"USA","asher hong","m",188
"USA","ashlee sullivan","w",188
"USA","jade carey","w",188
"USA","jordan chiles","w",188
"USA","joscelyn roberson","w",188
"USA","leanne wong","w",188
"USA","joshua andrew karnes","m",189
"USA","asher hong","m",189
"USA","landen paul blixt","m",189
"USA","brody malone","m",189
"USA","frederick nathaniel richard","m",189
"USA","ashlee sullivan","w",189
"USA","jade carey","w",189
"USA","jordan chiles","w",189
"USA","joscelyn roberson","w",189
"USA","leanne wong","w",189
"USA","landen paul blixt","m",190
"USA","asher hong","m",190
"USA","brody malone","m",190
"USA","joshua andrew karnes","m",190
"USA","colt walker","m",190
"USA","ashlee sullivan","w",190
"USA","jade carey","w",190
"USA","jordan chiles","w",190
"USA","joscelyn roberson","w",190
"USA","leanne wong","w",190
"USA","frederick nathaniel richard","m",191
"USA","landen paul blixt","m",191
"USA","brody malone","m",191
"USA","joshua andrew karnes","m",191
"USA","colt walker","m",191
"USA","ashlee sullivan","w",191
"USA","jade carey","w",191
"USA","jordan chiles","w",191
"USA","joscelyn roberson","w",191
"USA","leanne wong","w",191
"USA","landen paul blixt","m",192
"USA","shane wiskus","m",192
"USA","brody malone","m",192
"USA","joshua andrew karnes","m",192
"USA","colt walker","m",192
"USA","ashlee sullivan","w",192
"USA","jade carey","w",192
"USA","jordan chiles","w",192
"USA","joscelyn roberson","w",192
"USA","leanne wong","w",192
"USA","landen paul blixt","m",193
"USA","frederick nathaniel richard","m",193
"USA","shane wiskus","m",193
"USA","colt walker","m",193
"USA","brody malone","m",193
"USA","ashlee sullivan","w",193
"USA","jade carey","w",193
"USA","jordan chiles","w",193
"USA","joscelyn roberson","w",193
"USA","leanne wong","w",193
"USA","shane wiskus","m",194
"USA","brody malone","m",194
"USA","asher hong","m",194
"USA","joshua andrew karnes","m",194
"USA","landen paul blixt","m",194
"USA","ashlee sullivan","w",194
"USA","jade carey","w",194
"USA","jordan chiles","w",194
"USA","joscelyn roberson","w",194
"USA","leanne wong","w",194
"USA","asher hong","m",195
"USA","landen paul blixt","m",195
"USA","colt walker","m",195
"USA","frederick nathaniel richard","m",195
"USA","shane wiskus","m",195
"USA","ashlee sullivan","w",195
"USA","jade carey","w",195
"USA","jordan chiles","w",195
"USA","joscelyn roberson","w",195
"USA","leanne wong","w",195
"USA","landen paul blixt","m",196
"USA","joshua andrew karnes","m",196
"USA","colt walker","m",196
"USA","asher hong","m",196
"USA","frederick nathaniel richard","m",196
"USA","ashlee sullivan","w",196
"USA","jade carey","w",196
"USA","jordan chiles","w",196
"USA","joscelyn roberson","w",196
"USA","leanne wong","w",196
"USA","frederick nathaniel richard","m",197
"USA","colt walker","m",197
"USA","shane wiskus","m",197
"USA","brody malone","m",197
"USA","landen paul blixt","m",197
"USA","ashlee sullivan","w",197
"USA","jade carey","w",197
"USA","jordan chiles","w",197
"USA","joscelyn roberson","w",197
"USA","leanne wong","w",197
"USA","asher hong","m",198
"USA","frederick nathaniel richard","m",198
"USA","landen paul blixt","m",198
"USA","colt walker","m",198
"USA","brody malone","m",198
"USA","ashlee sullivan","w",198
"USA","jade carey","w",198
"USA","jordan chiles","w",198
"USA","joscelyn roberson","w",198
"USA","leanne wong","w",198
"USA","shane wiskus","m",199
"USA","frederick nathaniel richard","m",199
"USA","colt walker","m",199
"USA","joshua andrew karnes","m",199
"USA","brody malone","m",199
"USA","ashlee sullivan","w",199
"USA","jade carey","w",199
"USA","jordan chiles","w",199
"USA","joscelyn roberson","w",199
"USA","leanne wong","w",199
"USA","colt walker","m",200
"USA","frederick nathaniel richard","m",200
"USA","shane wiskus","m",200
"USA","asher hong","m",200
"USA","brody malone","m",200
"USA","ashlee sullivan","w",200
"USA","jade carey","w",200
"USA","jordan chiles","w",200
"USA","joscelyn roberson","w",200
"USA","leanne wong","w",200
